username,password,email
john_doe,password123,john.doe@example.com
jane_doe,password456,jane.doe@example.com
alex_smith,secret789,alex.smith@example.com
sarah_jones,secret101,sarah.jones@example.com
michael_brown,secret102,michael.brown@example.com
emily_davis,secret103,emily.davis@example.com
william_johnson,secret104,william.johnson@example.com
olivia_martin,secret105,olivia.martin@example.com
liam_wilson,secret106,liam.wilson@example.com
sophia_anderson,secret107,sophia.anderson@example.com
james_thompson,secret108,james.thompson@example.com
charlotte_moore,secret109,charlotte.moore@example.com
benjamin_miller,secret110,benjamin.miller@example.com
grace_taylor,secret111,grace.taylor@example.com
ethan_clark,secret112,ethan.clark@example.com
chloe_roberts,secret113,chloe.roberts@example.com
dylan_harris,secret114,dylan.harris@example.com
mia_bell,secret115,mia.bell@example.com
joshua_mitchell,secret116,joshua.mitchell@example.com
abigail_green,secret117,abigail.green@example.com
noah_campbell,secret118,noah.campbell@example.com
isabella_walker,secret119,isabella.walker@example.com
jordan_hunter,secret120,jordan.hunter@example.com
